UNARY	0	unary-pred-1
UNARY	1	unary-pred-2
UNARY	2	unary-pred-3
UNARY	3	unary-pred-4
UNARY	4	unary-pred-5
UNARY	5	unary-pred-6
UNARY	6	unary-pred-7
UNARY	7	unary-pred-8
UNARY	8	unary-pred-9
UNARY	9	unary-pred-10
UNARY	10	unary-pred-11
UNARY	11	unary-pred-12
UNARY	12	unary-pred-13
UNARY	13	unary-pred-14
UNARY	14	unary-pred-15
UNARY	15	unary-pred-16
UNARY	16	unary-pred-17
UNARY	17	unary-pred-18
UNARY	18	unary-pred-19
UNARY	19	unary-pred-20
UNARY	20	unary-pred-21
UNARY	21	unary-pred-22
UNARY	22	unary-pred-23
UNARY	23	unary-pred-24
UNARY	24	unary-pred-25
UNARY	25	unary-pred-26
UNARY	26	unary-pred-27
UNARY	27	unary-pred-28
UNARY	28	unary-pred-29
UNARY	29	unary-pred-30
UNARY	30	unary-pred-31
UNARY	31	unary-pred-32
UNARY	32	unary-pred-33
UNARY	33	unary-pred-34
UNARY	34	unary-pred-35
UNARY	35	unary-pred-36
UNARY	36	unary-pred-37
UNARY	37	unary-pred-38
UNARY	38	unary-pred-39
UNARY	39	unary-pred-40
UNARY	40	unary-pred-41
UNARY	41	unary-pred-42
UNARY	42	unary-pred-43
UNARY	43	unary-pred-44
UNARY	44	unary-pred-45
UNARY	45	unary-pred-46
UNARY	46	unary-pred-47
UNARY	47	unary-pred-48
UNARY	48	unary-pred-49
UNARY	49	unary-pred-50
UNARY	50	unary-pred-51
UNARY	51	unary-pred-52
UNARY	52	unary-pred-53
UNARY	53	unary-pred-54
UNARY	54	unary-pred-55
UNARY	55	unary-pred-56
UNARY	56	unary-pred-57
UNARY	57	unary-pred-58
UNARY	58	unary-pred-59
UNARY	59	unary-pred-60
UNARY	60	unary-pred-61
UNARY	61	unary-pred-62
UNARY	62	unary-pred-63
UNARY	63	unary-pred-64
UNARY	64	unary-pred-65
UNARY	65	unary-pred-66
UNARY	66	unary-pred-67
UNARY	67	unary-pred-68
UNARY	68	unary-pred-69
UNARY	69	unary-pred-70
UNARY	70	unary-pred-71
UNARY	71	unary-pred-72
UNARY	72	unary-pred-73
UNARY	73	unary-pred-74
UNARY	74	unary-pred-75
UNARY	75	unary-pred-76
UNARY	76	unary-pred-77
UNARY	77	unary-pred-78
UNARY	78	unary-pred-79
UNARY	79	unary-pred-80
UNARY	80	unary-pred-81
UNARY	81	unary-pred-82
UNARY	82	unary-pred-83
UNARY	83	unary-pred-84
UNARY	84	unary-pred-85
UNARY	85	unary-pred-86
UNARY	86	unary-pred-87
UNARY	87	unary-pred-88
UNARY	88	unary-pred-89
UNARY	89	unary-pred-90
UNARY	90	unary-pred-91
UNARY	91	unary-pred-92
UNARY	92	unary-pred-93
UNARY	93	unary-pred-94
UNARY	94	unary-pred-95
UNARY	95	unary-pred-96
UNARY	96	unary-pred-97
UNARY	97	unary-pred-98
UNARY	98	unary-pred-99
UNARY	99	unary-pred-100
UNARY	100	unary-pred-101
UNARY	101	unary-pred-102
UNARY	102	unary-pred-103
UNARY	103	unary-pred-104
UNARY	104	unary-pred-105
UNARY	105	unary-pred-106
UNARY	106	unary-pred-107
UNARY	107	unary-pred-108
UNARY	108	unary-pred-109
UNARY	109	unary-pred-110
UNARY	110	unary-pred-111
UNARY	111	unary-pred-112
UNARY	112	unary-pred-113
UNARY	113	unary-pred-114
UNARY	114	unary-pred-115
UNARY	115	unary-pred-116
UNARY	116	unary-pred-117
UNARY	117	unary-pred-118
UNARY	118	unary-pred-119
UNARY	119	unary-pred-120
UNARY	120	unary-pred-121
UNARY	121	unary-pred-122
UNARY	122	unary-pred-123
UNARY	123	unary-pred-124
UNARY	124	unary-pred-125
UNARY	125	unary-pred-126
UNARY	126	unary-pred-127
UNARY	127	unary-pred-128
UNARY	128	unary-pred-129
UNARY	129	unary-pred-130
UNARY	130	unary-pred-131
UNARY	131	unary-pred-132
UNARY	132	unary-pred-133
UNARY	133	unary-pred-134
UNARY	134	unary-pred-135
UNARY	135	unary-pred-136
UNARY	136	unary-pred-137
UNARY	137	unary-pred-138
UNARY	138	unary-pred-139
UNARY	139	unary-pred-140
UNARY	140	unary-pred-141
UNARY	141	unary-pred-142
UNARY	142	unary-pred-143
UNARY	143	unary-pred-144
UNARY	144	unary-pred-145
UNARY	145	unary-pred-146
UNARY	146	unary-pred-147
UNARY	147	unary-pred-148
UNARY	148	unary-pred-149
UNARY	149	unary-pred-150
UNARY	150	unary-pred-151
UNARY	151	unary-pred-152
UNARY	152	unary-pred-153
UNARY	153	unary-pred-154
UNARY	154	unary-pred-155
UNARY	155	unary-pred-156
UNARY	156	unary-pred-157
UNARY	157	unary-pred-158
UNARY	158	unary-pred-159
UNARY	159	unary-pred-160
UNARY	160	unary-pred-161
UNARY	161	unary-pred-162
UNARY	162	unary-pred-163
UNARY	163	unary-pred-164
UNARY	164	unary-pred-165
UNARY	165	unary-pred-166
UNARY	166	unary-pred-167
UNARY	167	unary-pred-168
UNARY	168	unary-pred-169
UNARY	169	unary-pred-170
UNARY	170	unary-pred-171
UNARY	171	unary-pred-172
UNARY	172	unary-pred-173
UNARY	173	unary-pred-174
UNARY	174	unary-pred-175
UNARY	175	unary-pred-176
UNARY	176	unary-pred-177
UNARY	177	unary-pred-178
UNARY	178	unary-pred-179
UNARY	179	unary-pred-180
BINARY	0	binary-pred-1
BINARY	1	binary-pred-2
BINARY	2	binary-pred-3
BINARY	3	binary-pred-4
