http://dl-learner.org/carcinogenesis#d187	http://www.w3.org/1999/02/22-rdf-syntax-ns#type	1.0
http://dl-learner.org/carcinogenesis#d133	http://www.w3.org/1999/02/22-rdf-syntax-ns#type	0.0
http://dl-learner.org/carcinogenesis#d23_2	http://www.w3.org/1999/02/22-rdf-syntax-ns#type	0.0
http://dl-learner.org/carcinogenesis#d312	http://www.w3.org/1999/02/22-rdf-syntax-ns#type	0.0
http://dl-learner.org/carcinogenesis#d81	http://www.w3.org/1999/02/22-rdf-syntax-ns#type	0.0
http://dl-learner.org/carcinogenesis#d295	http://www.w3.org/1999/02/22-rdf-syntax-ns#type	0.0
http://dl-learner.org/carcinogenesis#d147	http://www.w3.org/1999/02/22-rdf-syntax-ns#type	1.0
http://dl-learner.org/carcinogenesis#d313	http://www.w3.org/1999/02/22-rdf-syntax-ns#type	1.0
http://dl-learner.org/carcinogenesis#d72	http://www.w3.org/1999/02/22-rdf-syntax-ns#type	1.0
http://dl-learner.org/carcinogenesis#d261	http://www.w3.org/1999/02/22-rdf-syntax-ns#type	1.0
http://dl-learner.org/carcinogenesis#d268	http://www.w3.org/1999/02/22-rdf-syntax-ns#type	0.0
http://dl-learner.org/carcinogenesis#d160	http://www.w3.org/1999/02/22-rdf-syntax-ns#type	1.0
http://dl-learner.org/carcinogenesis#d248	http://www.w3.org/1999/02/22-rdf-syntax-ns#type	0.0
http://dl-learner.org/carcinogenesis#d269	http://www.w3.org/1999/02/22-rdf-syntax-ns#type	1.0
http://dl-learner.org/carcinogenesis#d333	http://www.w3.org/1999/02/22-rdf-syntax-ns#type	0.0
http://dl-learner.org/carcinogenesis#d287	http://www.w3.org/1999/02/22-rdf-syntax-ns#type	0.0
http://dl-learner.org/carcinogenesis#d85_2	http://www.w3.org/1999/02/22-rdf-syntax-ns#type	0.0
http://dl-learner.org/carcinogenesis#d240	http://www.w3.org/1999/02/22-rdf-syntax-ns#type	0.0
http://dl-learner.org/carcinogenesis#d156	http://www.w3.org/1999/02/22-rdf-syntax-ns#type	1.0
http://dl-learner.org/carcinogenesis#d249	http://www.w3.org/1999/02/22-rdf-syntax-ns#type	1.0
http://dl-learner.org/carcinogenesis#d1	http://www.w3.org/1999/02/22-rdf-syntax-ns#type	0.0
http://dl-learner.org/carcinogenesis#d255	http://www.w3.org/1999/02/22-rdf-syntax-ns#type	0.0
http://dl-learner.org/carcinogenesis#d100	http://www.w3.org/1999/02/22-rdf-syntax-ns#type	0.0
http://dl-learner.org/carcinogenesis#d294	http://www.w3.org/1999/02/22-rdf-syntax-ns#type	0.0
http://dl-learner.org/carcinogenesis#d274	http://www.w3.org/1999/02/22-rdf-syntax-ns#type	0.0
http://dl-learner.org/carcinogenesis#d89	http://www.w3.org/1999/02/22-rdf-syntax-ns#type	1.0
http://dl-learner.org/carcinogenesis#d106	http://www.w3.org/1999/02/22-rdf-syntax-ns#type	1.0
http://dl-learner.org/carcinogenesis#d281	http://www.w3.org/1999/02/22-rdf-syntax-ns#type	0.0
http://dl-learner.org/carcinogenesis#d239	http://www.w3.org/1999/02/22-rdf-syntax-ns#type	1.0
http://dl-learner.org/carcinogenesis#d247	http://www.w3.org/1999/02/22-rdf-syntax-ns#type	0.0
http://dl-learner.org/carcinogenesis#d2	http://www.w3.org/1999/02/22-rdf-syntax-ns#type	1.0
http://dl-learner.org/carcinogenesis#d101	http://www.w3.org/1999/02/22-rdf-syntax-ns#type	1.0
http://dl-learner.org/carcinogenesis#d324	http://www.w3.org/1999/02/22-rdf-syntax-ns#type	1.0
http://dl-learner.org/carcinogenesis#d152	http://www.w3.org/1999/02/22-rdf-syntax-ns#type	1.0
http://dl-learner.org/carcinogenesis#d63	http://www.w3.org/1999/02/22-rdf-syntax-ns#type	1.0
http://dl-learner.org/carcinogenesis#d178	http://www.w3.org/1999/02/22-rdf-syntax-ns#type	0.0
http://dl-learner.org/carcinogenesis#d171	http://www.w3.org/1999/02/22-rdf-syntax-ns#type	1.0
http://dl-learner.org/carcinogenesis#d234	http://www.w3.org/1999/02/22-rdf-syntax-ns#type	0.0
http://dl-learner.org/carcinogenesis#d44	http://www.w3.org/1999/02/22-rdf-syntax-ns#type	0.0
http://dl-learner.org/carcinogenesis#d144	http://www.w3.org/1999/02/22-rdf-syntax-ns#type	1.0
http://dl-learner.org/carcinogenesis#d208_1	http://www.w3.org/1999/02/22-rdf-syntax-ns#type	0.0
http://dl-learner.org/carcinogenesis#d19	http://www.w3.org/1999/02/22-rdf-syntax-ns#type	1.0
http://dl-learner.org/carcinogenesis#d158	http://www.w3.org/1999/02/22-rdf-syntax-ns#type	0.0
http://dl-learner.org/carcinogenesis#d29	http://www.w3.org/1999/02/22-rdf-syntax-ns#type	0.0
http://dl-learner.org/carcinogenesis#d91	http://www.w3.org/1999/02/22-rdf-syntax-ns#type	0.0
http://dl-learner.org/carcinogenesis#d198	http://www.w3.org/1999/02/22-rdf-syntax-ns#type	0.0
http://dl-learner.org/carcinogenesis#d57	http://www.w3.org/1999/02/22-rdf-syntax-ns#type	0.0
http://dl-learner.org/carcinogenesis#d138	http://www.w3.org/1999/02/22-rdf-syntax-ns#type	0.0
http://dl-learner.org/carcinogenesis#d18	http://www.w3.org/1999/02/22-rdf-syntax-ns#type	1.0
http://dl-learner.org/carcinogenesis#d42	http://www.w3.org/1999/02/22-rdf-syntax-ns#type	1.0
http://dl-learner.org/carcinogenesis#d150	http://www.w3.org/1999/02/22-rdf-syntax-ns#type	0.0
http://dl-learner.org/carcinogenesis#d223	http://www.w3.org/1999/02/22-rdf-syntax-ns#type	0.0
http://dl-learner.org/carcinogenesis#d215	http://www.w3.org/1999/02/22-rdf-syntax-ns#type	1.0
http://dl-learner.org/carcinogenesis#d130	http://www.w3.org/1999/02/22-rdf-syntax-ns#type	0.0
http://dl-learner.org/carcinogenesis#d157	http://www.w3.org/1999/02/22-rdf-syntax-ns#type	0.0
http://dl-learner.org/carcinogenesis#d16	http://www.w3.org/1999/02/22-rdf-syntax-ns#type	0.0
http://dl-learner.org/carcinogenesis#d43	http://www.w3.org/1999/02/22-rdf-syntax-ns#type	0.0
http://dl-learner.org/carcinogenesis#d4	http://www.w3.org/1999/02/22-rdf-syntax-ns#type	0.0
http://dl-learner.org/carcinogenesis#d189	http://www.w3.org/1999/02/22-rdf-syntax-ns#type	1.0
http://dl-learner.org/carcinogenesis#d96	http://www.w3.org/1999/02/22-rdf-syntax-ns#type	1.0
http://dl-learner.org/carcinogenesis#d202	http://www.w3.org/1999/02/22-rdf-syntax-ns#type	1.0
http://dl-learner.org/carcinogenesis#d104	http://www.w3.org/1999/02/22-rdf-syntax-ns#type	1.0
http://dl-learner.org/carcinogenesis#d277	http://www.w3.org/1999/02/22-rdf-syntax-ns#type	0.0
http://dl-learner.org/carcinogenesis#d110	http://www.w3.org/1999/02/22-rdf-syntax-ns#type	0.0
http://dl-learner.org/carcinogenesis#d155	http://www.w3.org/1999/02/22-rdf-syntax-ns#type	1.0
http://dl-learner.org/carcinogenesis#d229	http://www.w3.org/1999/02/22-rdf-syntax-ns#type	1.0
http://dl-learner.org/carcinogenesis#d301	http://www.w3.org/1999/02/22-rdf-syntax-ns#type	0.0
http://dl-learner.org/carcinogenesis#d308	http://www.w3.org/1999/02/22-rdf-syntax-ns#type	1.0
http://dl-learner.org/carcinogenesis#d328	http://www.w3.org/1999/02/22-rdf-syntax-ns#type	0.0
http://dl-learner.org/carcinogenesis#d70	http://www.w3.org/1999/02/22-rdf-syntax-ns#type	0.0
http://dl-learner.org/carcinogenesis#d284	http://www.w3.org/1999/02/22-rdf-syntax-ns#type	0.0
http://dl-learner.org/carcinogenesis#d177	http://www.w3.org/1999/02/22-rdf-syntax-ns#type	1.0
http://dl-learner.org/carcinogenesis#d184	http://www.w3.org/1999/02/22-rdf-syntax-ns#type	0.0
http://dl-learner.org/carcinogenesis#d124	http://www.w3.org/1999/02/22-rdf-syntax-ns#type	0.0
http://dl-learner.org/carcinogenesis#d291	http://www.w3.org/1999/02/22-rdf-syntax-ns#type	0.0
http://dl-learner.org/carcinogenesis#d182	http://www.w3.org/1999/02/22-rdf-syntax-ns#type	1.0
http://dl-learner.org/carcinogenesis#d190	http://www.w3.org/1999/02/22-rdf-syntax-ns#type	0.0
http://dl-learner.org/carcinogenesis#d174	http://www.w3.org/1999/02/22-rdf-syntax-ns#type	1.0
http://dl-learner.org/carcinogenesis#d276	http://www.w3.org/1999/02/22-rdf-syntax-ns#type	0.0
http://dl-learner.org/carcinogenesis#d283	http://www.w3.org/1999/02/22-rdf-syntax-ns#type	0.0
http://dl-learner.org/carcinogenesis#d245	http://www.w3.org/1999/02/22-rdf-syntax-ns#type	1.0
http://dl-learner.org/carcinogenesis#d263	http://www.w3.org/1999/02/22-rdf-syntax-ns#type	0.0
http://dl-learner.org/carcinogenesis#d166	http://www.w3.org/1999/02/22-rdf-syntax-ns#type	1.0
http://dl-learner.org/carcinogenesis#d137	http://www.w3.org/1999/02/22-rdf-syntax-ns#type	1.0
http://dl-learner.org/carcinogenesis#d161	http://www.w3.org/1999/02/22-rdf-syntax-ns#type	1.0
http://dl-learner.org/carcinogenesis#d242	http://www.w3.org/1999/02/22-rdf-syntax-ns#type	1.0
http://dl-learner.org/carcinogenesis#d39	http://www.w3.org/1999/02/22-rdf-syntax-ns#type	0.0
http://dl-learner.org/carcinogenesis#d236	http://www.w3.org/1999/02/22-rdf-syntax-ns#type	0.0
http://dl-learner.org/carcinogenesis#d117	http://www.w3.org/1999/02/22-rdf-syntax-ns#type	1.0
http://dl-learner.org/carcinogenesis#d13	http://www.w3.org/1999/02/22-rdf-syntax-ns#type	1.0
http://dl-learner.org/carcinogenesis#d243	http://www.w3.org/1999/02/22-rdf-syntax-ns#type	0.0
http://dl-learner.org/carcinogenesis#d167	http://www.w3.org/1999/02/22-rdf-syntax-ns#type	0.0
http://dl-learner.org/carcinogenesis#d26	http://www.w3.org/1999/02/22-rdf-syntax-ns#type	0.0
http://dl-learner.org/carcinogenesis#d300	http://www.w3.org/1999/02/22-rdf-syntax-ns#type	1.0
http://dl-learner.org/carcinogenesis#d218	http://www.w3.org/1999/02/22-rdf-syntax-ns#type	0.0
http://dl-learner.org/carcinogenesis#d93	http://www.w3.org/1999/02/22-rdf-syntax-ns#type	0.0
http://dl-learner.org/carcinogenesis#d33	http://www.w3.org/1999/02/22-rdf-syntax-ns#type	0.0
http://dl-learner.org/carcinogenesis#d332	http://www.w3.org/1999/02/22-rdf-syntax-ns#type	1.0
http://dl-learner.org/carcinogenesis#d73	http://www.w3.org/1999/02/22-rdf-syntax-ns#type	0.0
http://dl-learner.org/carcinogenesis#d188	http://www.w3.org/1999/02/22-rdf-syntax-ns#type	1.0
http://dl-learner.org/carcinogenesis#d132	http://www.w3.org/1999/02/22-rdf-syntax-ns#type	0.0
http://dl-learner.org/carcinogenesis#d140	http://www.w3.org/1999/02/22-rdf-syntax-ns#type	1.0
http://dl-learner.org/carcinogenesis#d126	http://www.w3.org/1999/02/22-rdf-syntax-ns#type	1.0
http://dl-learner.org/carcinogenesis#d224	http://www.w3.org/1999/02/22-rdf-syntax-ns#type	1.0
http://dl-learner.org/carcinogenesis#d80	http://www.w3.org/1999/02/22-rdf-syntax-ns#type	0.0
http://dl-learner.org/carcinogenesis#d319	http://www.w3.org/1999/02/22-rdf-syntax-ns#type	0.0
http://dl-learner.org/carcinogenesis#d25	http://www.w3.org/1999/02/22-rdf-syntax-ns#type	0.0
http://dl-learner.org/carcinogenesis#d86	http://www.w3.org/1999/02/22-rdf-syntax-ns#type	1.0
http://dl-learner.org/carcinogenesis#d128	http://www.w3.org/1999/02/22-rdf-syntax-ns#type	1.0
http://dl-learner.org/carcinogenesis#d65	http://www.w3.org/1999/02/22-rdf-syntax-ns#type	0.0
http://dl-learner.org/carcinogenesis#d194	http://www.w3.org/1999/02/22-rdf-syntax-ns#type	0.0
http://dl-learner.org/carcinogenesis#d325	http://www.w3.org/1999/02/22-rdf-syntax-ns#type	0.0
http://dl-learner.org/carcinogenesis#d32	http://www.w3.org/1999/02/22-rdf-syntax-ns#type	0.0
http://dl-learner.org/carcinogenesis#d12	http://www.w3.org/1999/02/22-rdf-syntax-ns#type	0.0
http://dl-learner.org/carcinogenesis#d119	http://www.w3.org/1999/02/22-rdf-syntax-ns#type	0.0
http://dl-learner.org/carcinogenesis#d286	http://www.w3.org/1999/02/22-rdf-syntax-ns#type	0.0
http://dl-learner.org/carcinogenesis#d181	http://www.w3.org/1999/02/22-rdf-syntax-ns#type	0.0
http://dl-learner.org/carcinogenesis#d67	http://www.w3.org/1999/02/22-rdf-syntax-ns#type	0.0
http://dl-learner.org/carcinogenesis#d293	http://www.w3.org/1999/02/22-rdf-syntax-ns#type	0.0
http://dl-learner.org/carcinogenesis#d317	http://www.w3.org/1999/02/22-rdf-syntax-ns#type	0.0
http://dl-learner.org/carcinogenesis#d273	http://www.w3.org/1999/02/22-rdf-syntax-ns#type	0.0
http://dl-learner.org/carcinogenesis#d205	http://www.w3.org/1999/02/22-rdf-syntax-ns#type	1.0
http://dl-learner.org/carcinogenesis#d159	http://www.w3.org/1999/02/22-rdf-syntax-ns#type	1.0
http://dl-learner.org/carcinogenesis#d304	http://www.w3.org/1999/02/22-rdf-syntax-ns#type	0.0
http://dl-learner.org/carcinogenesis#d264	http://www.w3.org/1999/02/22-rdf-syntax-ns#type	1.0
http://dl-learner.org/carcinogenesis#d153	http://www.w3.org/1999/02/22-rdf-syntax-ns#type	1.0
http://dl-learner.org/carcinogenesis#d139	http://www.w3.org/1999/02/22-rdf-syntax-ns#type	1.0
http://dl-learner.org/carcinogenesis#d35	http://www.w3.org/1999/02/22-rdf-syntax-ns#type	1.0
http://dl-learner.org/carcinogenesis#d265	http://www.w3.org/1999/02/22-rdf-syntax-ns#type	0.0
http://dl-learner.org/carcinogenesis#d309	http://www.w3.org/1999/02/22-rdf-syntax-ns#type	1.0
http://dl-learner.org/carcinogenesis#d233	http://www.w3.org/1999/02/22-rdf-syntax-ns#type	0.0
http://dl-learner.org/carcinogenesis#d272	http://www.w3.org/1999/02/22-rdf-syntax-ns#type	0.0
http://dl-learner.org/carcinogenesis#d37	http://www.w3.org/1999/02/22-rdf-syntax-ns#type	1.0
http://dl-learner.org/carcinogenesis#d168	http://www.w3.org/1999/02/22-rdf-syntax-ns#type	1.0
http://dl-learner.org/carcinogenesis#d209	http://www.w3.org/1999/02/22-rdf-syntax-ns#type	0.0
http://dl-learner.org/carcinogenesis#d267	http://www.w3.org/1999/02/22-rdf-syntax-ns#type	0.0
http://dl-learner.org/carcinogenesis#d183	http://www.w3.org/1999/02/22-rdf-syntax-ns#type	1.0
http://dl-learner.org/carcinogenesis#d176	http://www.w3.org/1999/02/22-rdf-syntax-ns#type	0.0
http://dl-learner.org/carcinogenesis#d222	http://www.w3.org/1999/02/22-rdf-syntax-ns#type	0.0
http://dl-learner.org/carcinogenesis#d216	http://www.w3.org/1999/02/22-rdf-syntax-ns#type	1.0
http://dl-learner.org/carcinogenesis#d185	http://www.w3.org/1999/02/22-rdf-syntax-ns#type	1.0
http://dl-learner.org/carcinogenesis#d113	http://www.w3.org/1999/02/22-rdf-syntax-ns#type	1.0
http://dl-learner.org/carcinogenesis#d164	http://www.w3.org/1999/02/22-rdf-syntax-ns#type	1.0
http://dl-learner.org/carcinogenesis#d246	http://www.w3.org/1999/02/22-rdf-syntax-ns#type	1.0
http://dl-learner.org/carcinogenesis#d297	http://www.w3.org/1999/02/22-rdf-syntax-ns#type	1.0
http://dl-learner.org/carcinogenesis#d82	http://www.w3.org/1999/02/22-rdf-syntax-ns#type	0.0
http://dl-learner.org/carcinogenesis#d22	http://www.w3.org/1999/02/22-rdf-syntax-ns#type	0.0
http://dl-learner.org/carcinogenesis#d311	http://www.w3.org/1999/02/22-rdf-syntax-ns#type	1.0
http://dl-learner.org/carcinogenesis#d170	http://www.w3.org/1999/02/22-rdf-syntax-ns#type	0.0
http://dl-learner.org/carcinogenesis#d221	http://www.w3.org/1999/02/22-rdf-syntax-ns#type	0.0
http://dl-learner.org/carcinogenesis#d66	http://www.w3.org/1999/02/22-rdf-syntax-ns#type	1.0
http://dl-learner.org/carcinogenesis#d116	http://www.w3.org/1999/02/22-rdf-syntax-ns#type	0.0
http://dl-learner.org/carcinogenesis#d14	http://www.w3.org/1999/02/22-rdf-syntax-ns#type	0.0
http://dl-learner.org/carcinogenesis#d21	http://www.w3.org/1999/02/22-rdf-syntax-ns#type	0.0
http://dl-learner.org/carcinogenesis#d162	http://www.w3.org/1999/02/22-rdf-syntax-ns#type	0.0
http://dl-learner.org/carcinogenesis#d235	http://www.w3.org/1999/02/22-rdf-syntax-ns#type	1.0
http://dl-learner.org/carcinogenesis#d142	http://www.w3.org/1999/02/22-rdf-syntax-ns#type	0.0
http://dl-learner.org/carcinogenesis#d9	http://www.w3.org/1999/02/22-rdf-syntax-ns#type	0.0
http://dl-learner.org/carcinogenesis#d257	http://www.w3.org/1999/02/22-rdf-syntax-ns#type	1.0
http://dl-learner.org/carcinogenesis#d275	http://www.w3.org/1999/02/22-rdf-syntax-ns#type	0.0
http://dl-learner.org/carcinogenesis#d62	http://www.w3.org/1999/02/22-rdf-syntax-ns#type	1.0
http://dl-learner.org/carcinogenesis#d56	http://www.w3.org/1999/02/22-rdf-syntax-ns#type	0.0
http://dl-learner.org/carcinogenesis#d237	http://www.w3.org/1999/02/22-rdf-syntax-ns#type	1.0
http://dl-learner.org/carcinogenesis#d121	http://www.w3.org/1999/02/22-rdf-syntax-ns#type	1.0
http://dl-learner.org/carcinogenesis#d115	http://www.w3.org/1999/02/22-rdf-syntax-ns#type	0.0
http://dl-learner.org/carcinogenesis#d27	http://www.w3.org/1999/02/22-rdf-syntax-ns#type	1.0
http://dl-learner.org/carcinogenesis#d322	http://www.w3.org/1999/02/22-rdf-syntax-ns#type	1.0
http://dl-learner.org/carcinogenesis#d282	http://www.w3.org/1999/02/22-rdf-syntax-ns#type	0.0
http://dl-learner.org/carcinogenesis#d306	http://www.w3.org/1999/02/22-rdf-syntax-ns#type	0.0
http://dl-learner.org/carcinogenesis#d270	http://www.w3.org/1999/02/22-rdf-syntax-ns#type	1.0
http://dl-learner.org/carcinogenesis#d262	http://www.w3.org/1999/02/22-rdf-syntax-ns#type	0.0
http://dl-learner.org/carcinogenesis#d219	http://www.w3.org/1999/02/22-rdf-syntax-ns#type	0.0
http://dl-learner.org/carcinogenesis#d289	http://www.w3.org/1999/02/22-rdf-syntax-ns#type	0.0
http://dl-learner.org/carcinogenesis#d214	http://www.w3.org/1999/02/22-rdf-syntax-ns#type	1.0
http://dl-learner.org/carcinogenesis#d122	http://www.w3.org/1999/02/22-rdf-syntax-ns#type	0.0
http://dl-learner.org/carcinogenesis#d77	http://www.w3.org/1999/02/22-rdf-syntax-ns#type	1.0
http://dl-learner.org/carcinogenesis#d3	http://www.w3.org/1999/02/22-rdf-syntax-ns#type	0.0
http://dl-learner.org/carcinogenesis#d102	http://www.w3.org/1999/02/22-rdf-syntax-ns#type	0.0
http://dl-learner.org/carcinogenesis#d266	http://www.w3.org/1999/02/22-rdf-syntax-ns#type	1.0
http://dl-learner.org/carcinogenesis#d296	http://www.w3.org/1999/02/22-rdf-syntax-ns#type	0.0
http://dl-learner.org/carcinogenesis#d320	http://www.w3.org/1999/02/22-rdf-syntax-ns#type	0.0
http://dl-learner.org/carcinogenesis#d211	http://www.w3.org/1999/02/22-rdf-syntax-ns#type	1.0
http://dl-learner.org/carcinogenesis#d51	http://www.w3.org/1999/02/22-rdf-syntax-ns#type	1.0
http://dl-learner.org/carcinogenesis#d135	http://www.w3.org/1999/02/22-rdf-syntax-ns#type	1.0
http://dl-learner.org/carcinogenesis#d314	http://www.w3.org/1999/02/22-rdf-syntax-ns#type	1.0
http://dl-learner.org/carcinogenesis#d217	http://www.w3.org/1999/02/22-rdf-syntax-ns#type	0.0
http://dl-learner.org/carcinogenesis#d191	http://www.w3.org/1999/02/22-rdf-syntax-ns#type	1.0
http://dl-learner.org/carcinogenesis#d241	http://www.w3.org/1999/02/22-rdf-syntax-ns#type	0.0
http://dl-learner.org/carcinogenesis#d206	http://www.w3.org/1999/02/22-rdf-syntax-ns#type	1.0
http://dl-learner.org/carcinogenesis#d256	http://www.w3.org/1999/02/22-rdf-syntax-ns#type	0.0
http://dl-learner.org/carcinogenesis#d99	http://www.w3.org/1999/02/22-rdf-syntax-ns#type	0.0
http://dl-learner.org/carcinogenesis#d92	http://www.w3.org/1999/02/22-rdf-syntax-ns#type	1.0
http://dl-learner.org/carcinogenesis#d204	http://www.w3.org/1999/02/22-rdf-syntax-ns#type	0.0
http://dl-learner.org/carcinogenesis#d225	http://www.w3.org/1999/02/22-rdf-syntax-ns#type	1.0
http://dl-learner.org/carcinogenesis#d165	http://www.w3.org/1999/02/22-rdf-syntax-ns#type	0.0
http://dl-learner.org/carcinogenesis#d318	http://www.w3.org/1999/02/22-rdf-syntax-ns#type	0.0
http://dl-learner.org/carcinogenesis#d24	http://www.w3.org/1999/02/22-rdf-syntax-ns#type	0.0
http://dl-learner.org/carcinogenesis#d254	http://www.w3.org/1999/02/22-rdf-syntax-ns#type	1.0
http://dl-learner.org/carcinogenesis#d64	http://www.w3.org/1999/02/22-rdf-syntax-ns#type	0.0
http://dl-learner.org/carcinogenesis#d79	http://www.w3.org/1999/02/22-rdf-syntax-ns#type	0.0
http://dl-learner.org/carcinogenesis#d186	http://www.w3.org/1999/02/22-rdf-syntax-ns#type	1.0
http://dl-learner.org/carcinogenesis#d172	http://www.w3.org/1999/02/22-rdf-syntax-ns#type	0.0
http://dl-learner.org/carcinogenesis#d31	http://www.w3.org/1999/02/22-rdf-syntax-ns#type	0.0
http://dl-learner.org/carcinogenesis#d271	http://www.w3.org/1999/02/22-rdf-syntax-ns#type	1.0
http://dl-learner.org/carcinogenesis#d59	http://www.w3.org/1999/02/22-rdf-syntax-ns#type	0.0
http://dl-learner.org/carcinogenesis#d71	http://www.w3.org/1999/02/22-rdf-syntax-ns#type	0.0
http://dl-learner.org/carcinogenesis#d98	http://www.w3.org/1999/02/22-rdf-syntax-ns#type	0.0
http://dl-learner.org/carcinogenesis#d118	http://www.w3.org/1999/02/22-rdf-syntax-ns#type	0.0
http://dl-learner.org/carcinogenesis#d146	http://www.w3.org/1999/02/22-rdf-syntax-ns#type	1.0
http://dl-learner.org/carcinogenesis#d251	http://www.w3.org/1999/02/22-rdf-syntax-ns#type	1.0
http://dl-learner.org/carcinogenesis#d203	http://www.w3.org/1999/02/22-rdf-syntax-ns#type	0.0
http://dl-learner.org/carcinogenesis#d84	http://www.w3.org/1999/02/22-rdf-syntax-ns#type	1.0
http://dl-learner.org/carcinogenesis#d125	http://www.w3.org/1999/02/22-rdf-syntax-ns#type	0.0
http://dl-learner.org/carcinogenesis#d143	http://www.w3.org/1999/02/22-rdf-syntax-ns#type	1.0
http://dl-learner.org/carcinogenesis#d210	http://www.w3.org/1999/02/22-rdf-syntax-ns#type	0.0
http://dl-learner.org/carcinogenesis#d316	http://www.w3.org/1999/02/22-rdf-syntax-ns#type	0.0
http://dl-learner.org/carcinogenesis#d208_2	http://www.w3.org/1999/02/22-rdf-syntax-ns#type	0.0
http://dl-learner.org/carcinogenesis#d6	http://www.w3.org/1999/02/22-rdf-syntax-ns#type	0.0
http://dl-learner.org/carcinogenesis#d105	http://www.w3.org/1999/02/22-rdf-syntax-ns#type	0.0
http://dl-learner.org/carcinogenesis#d299	http://www.w3.org/1999/02/22-rdf-syntax-ns#type	0.0
http://dl-learner.org/carcinogenesis#d292	http://www.w3.org/1999/02/22-rdf-syntax-ns#type	1.0
http://dl-learner.org/carcinogenesis#d199	http://www.w3.org/1999/02/22-rdf-syntax-ns#type	0.0
http://dl-learner.org/carcinogenesis#d288	http://www.w3.org/1999/02/22-rdf-syntax-ns#type	1.0
http://dl-learner.org/carcinogenesis#d151	http://www.w3.org/1999/02/22-rdf-syntax-ns#type	0.0
http://dl-learner.org/carcinogenesis#d303	http://www.w3.org/1999/02/22-rdf-syntax-ns#type	0.0
http://dl-learner.org/carcinogenesis#d10	http://www.w3.org/1999/02/22-rdf-syntax-ns#type	0.0
http://dl-learner.org/carcinogenesis#d310	http://www.w3.org/1999/02/22-rdf-syntax-ns#type	0.0
http://dl-learner.org/carcinogenesis#d36	http://www.w3.org/1999/02/22-rdf-syntax-ns#type	1.0
http://dl-learner.org/carcinogenesis#d337	http://www.w3.org/1999/02/22-rdf-syntax-ns#type	0.0
http://dl-learner.org/carcinogenesis#d279	http://www.w3.org/1999/02/22-rdf-syntax-ns#type	0.0
http://dl-learner.org/carcinogenesis#d192	http://www.w3.org/1999/02/22-rdf-syntax-ns#type	1.0
http://dl-learner.org/carcinogenesis#d5	http://www.w3.org/1999/02/22-rdf-syntax-ns#type	0.0
http://dl-learner.org/carcinogenesis#d259	http://www.w3.org/1999/02/22-rdf-syntax-ns#type	0.0
http://dl-learner.org/carcinogenesis#d298	http://www.w3.org/1999/02/22-rdf-syntax-ns#type	0.0
http://dl-learner.org/carcinogenesis#d90	http://www.w3.org/1999/02/22-rdf-syntax-ns#type	0.0
http://dl-learner.org/carcinogenesis#d111	http://www.w3.org/1999/02/22-rdf-syntax-ns#type	0.0
http://dl-learner.org/carcinogenesis#d154	http://www.w3.org/1999/02/22-rdf-syntax-ns#type	1.0
http://dl-learner.org/carcinogenesis#d302	http://www.w3.org/1999/02/22-rdf-syntax-ns#type	0.0
http://dl-learner.org/carcinogenesis#d50	http://www.w3.org/1999/02/22-rdf-syntax-ns#type	1.0
http://dl-learner.org/carcinogenesis#d28	http://www.w3.org/1999/02/22-rdf-syntax-ns#type	1.0
http://dl-learner.org/carcinogenesis#d58	http://www.w3.org/1999/02/22-rdf-syntax-ns#type	1.0
http://dl-learner.org/carcinogenesis#d238	http://www.w3.org/1999/02/22-rdf-syntax-ns#type	0.0
http://dl-learner.org/carcinogenesis#d250	http://www.w3.org/1999/02/22-rdf-syntax-ns#type	0.0
http://dl-learner.org/carcinogenesis#d230	http://www.w3.org/1999/02/22-rdf-syntax-ns#type	0.0
http://dl-learner.org/carcinogenesis#d213	http://www.w3.org/1999/02/22-rdf-syntax-ns#type	0.0
http://dl-learner.org/carcinogenesis#d88	http://www.w3.org/1999/02/22-rdf-syntax-ns#type	0.0
http://dl-learner.org/carcinogenesis#d109	http://www.w3.org/1999/02/22-rdf-syntax-ns#type	0.0
http://dl-learner.org/carcinogenesis#d220	http://www.w3.org/1999/02/22-rdf-syntax-ns#type	0.0
http://dl-learner.org/carcinogenesis#d290	http://www.w3.org/1999/02/22-rdf-syntax-ns#type	0.0
http://dl-learner.org/carcinogenesis#d95	http://www.w3.org/1999/02/22-rdf-syntax-ns#type	0.0
http://dl-learner.org/carcinogenesis#d195	http://www.w3.org/1999/02/22-rdf-syntax-ns#type	1.0
http://dl-learner.org/carcinogenesis#d200	http://www.w3.org/1999/02/22-rdf-syntax-ns#type	0.0
http://dl-learner.org/carcinogenesis#d307	http://www.w3.org/1999/02/22-rdf-syntax-ns#type	0.0
http://dl-learner.org/carcinogenesis#d53	http://www.w3.org/1999/02/22-rdf-syntax-ns#type	0.0
http://dl-learner.org/carcinogenesis#d68	http://www.w3.org/1999/02/22-rdf-syntax-ns#type	0.0
http://dl-learner.org/carcinogenesis#d149	http://www.w3.org/1999/02/22-rdf-syntax-ns#type	0.0
http://dl-learner.org/carcinogenesis#d201	http://www.w3.org/1999/02/22-rdf-syntax-ns#type	1.0
http://dl-learner.org/carcinogenesis#d47	http://www.w3.org/1999/02/22-rdf-syntax-ns#type	0.0
http://dl-learner.org/carcinogenesis#d197	http://www.w3.org/1999/02/22-rdf-syntax-ns#type	1.0
http://dl-learner.org/carcinogenesis#d87	http://www.w3.org/1999/02/22-rdf-syntax-ns#type	0.0
http://dl-learner.org/carcinogenesis#d60	http://www.w3.org/1999/02/22-rdf-syntax-ns#type	0.0
http://dl-learner.org/carcinogenesis#d69	http://www.w3.org/1999/02/22-rdf-syntax-ns#type	1.0
http://dl-learner.org/carcinogenesis#d141	http://www.w3.org/1999/02/22-rdf-syntax-ns#type	0.0
http://dl-learner.org/carcinogenesis#d8	http://www.w3.org/1999/02/22-rdf-syntax-ns#type	0.0
http://dl-learner.org/carcinogenesis#d258	http://www.w3.org/1999/02/22-rdf-syntax-ns#type	1.0
http://dl-learner.org/carcinogenesis#d196	http://www.w3.org/1999/02/22-rdf-syntax-ns#type	0.0
http://dl-learner.org/carcinogenesis#d55	http://www.w3.org/1999/02/22-rdf-syntax-ns#type	0.0
http://dl-learner.org/carcinogenesis#d145	http://www.w3.org/1999/02/22-rdf-syntax-ns#type	1.0
http://dl-learner.org/carcinogenesis#d94	http://www.w3.org/1999/02/22-rdf-syntax-ns#type	0.0
http://dl-learner.org/carcinogenesis#d175	http://www.w3.org/1999/02/22-rdf-syntax-ns#type	0.0
http://dl-learner.org/carcinogenesis#d34	http://www.w3.org/1999/02/22-rdf-syntax-ns#type	0.0
http://dl-learner.org/carcinogenesis#d114	http://www.w3.org/1999/02/22-rdf-syntax-ns#type	0.0
